weight,gravity [X:Y],topL,topR,bottomL,bottomR
weight,gravity [X:Y],topL,topR,bottomL,bottomR
weight,gravity [X:Y],topL,topR,bottomL,bottomR
weight,gravity [X:Y],topL,topR,bottomL,bottomR
weight,gravity [X:Y],topL,topR,bottomL,bottomR
weight,gravity [X:Y],topL,topR,bottomL,bottomR
weight,gravity [X:Y],topL,topR,bottomL,bottomR
weight,gravity [X:Y],topL,topR,bottomL,bottomR
weight,gravity [X:Y],topL,topR,bottomL,bottomR
weight,gravity [X:Y],topL,topR,bottomL,bottomR
weight,gravity [X:Y],topL,topR,bottomL,bottomR
weight,gravity [X:Y],topL,topR,bottomL,bottomR
weight,gravity [X:Y],topL,topR,bottomL,bottomR
weight,gravity [X:Y],topL,topR,bottomL,bottomR
weight,gravity [X:Y],topL,topR,bottomL,bottomR
weight,gravity [X:Y],topL,topR,bottomL,bottomR
weight,gravity [X:Y],topL,topR,bottomL,bottomR
weight,gravity [X:Y],topL,topR,bottomL,bottomR
weight,gravity [X:Y],topL,topR,bottomL,bottomR
weight,gravity [X:Y],topL,topR,bottomL,bottomR
weight,gravity [X:Y],topL,topR,bottomL,bottomR
weight,gravity [X:Y],topL,topR,bottomL,bottomR
weight,gravity [X:Y],topL,topR,bottomL,bottomR
weight,gravity [X:Y],topL,topR,bottomL,bottomR
weight,gravity [X:Y],topL,topR,bottomL,bottomR
weight,gravity [X:Y],topL,topR,bottomL,bottomR
weight,gravity [X:Y],topL,topR,bottomL,bottomR
weight,gravity [X:Y],topL,topR,bottomL,bottomR
weight,gravity [X:Y],topL,topR,bottomL,bottomR
weight,gravity [X:Y],topL,topR,bottomL,bottomR
weight,gravity [X:Y],topL,topR,bottomL,bottomR
weight,gravity [X:Y],topL,topR,bottomL,bottomR
weight,gravity [X:Y],topL,topR,bottomL,bottomR
weight,gravity [X:Y],topL,topR,bottomL,bottomR
weight,gravity [X:Y],topL,topR,bottomL,bottomR
weight,gravity [X:Y],topL,topR,bottomL,bottomR
weight,gravity [X:Y],topL,topR,bottomL,bottomR
weight,gravity [X:Y],topL,topR,bottomL,bottomR
weight,gravity [X:Y],topL,topR,bottomL,bottomR
weight,gravity [X:Y],topL,topR,bottomL,bottomR
weight,gravity [X:Y],topL,topR,bottomL,bottomR
weight,gravity [X:Y],topL,topR,bottomL,bottomR
weight,gravity [X:Y],topL,topR,bottomL,bottomR
weight,gravity [X:Y],topL,topR,bottomL,bottomR
weight,gravity [X:Y],topL,topR,bottomL,bottomR
weight,gravity [X:Y],topL,topR,bottomL,bottomR
weight,gravity [X:Y],topL,topR,bottomL,bottomR
weight,gravity [X:Y],topL,topR,bottomL,bottomR
weight,gravity [X:Y],topL,topR,bottomL,bottomR
weight,gravity [X:Y],topL,topR,bottomL,bottomR
weight,gravity [X:Y],topL,topR,bottomL,bottomR
weight,gravity [X:Y],topL,topR,bottomL,bottomR
weight,gravity [X:Y],topL,topR,bottomL,bottomR
weight,gravity [X:Y],topL,topR,bottomL,bottomR
weight,gravity [X:Y],topL,topR,bottomL,bottomR
weight,gravity [X:Y],topL,topR,bottomL,bottomR
weight,gravity [X:Y],topL,topR,bottomL,bottomR
weight,gravity [X:Y],topL,topR,bottomL,bottomR
weight,gravity [X:Y],topL,topR,bottomL,bottomR
weight,gravity [X:Y],topL,topR,bottomL,bottomR
weight,gravity [X:Y],topL,topR,bottomL,bottomR
weight,gravity [X:Y],topL,topR,bottomL,bottomR
weight,gravity [X:Y],topL,topR,bottomL,bottomR
weight,gravity [X:Y],topL,topR,bottomL,bottomR
weight,gravity [X:Y],topL,topR,bottomL,bottomR
weight,gravity [X:Y],topL,topR,bottomL,bottomR
weight,gravity [X:Y],topL,topR,bottomL,bottomR
weight,gravity [X:Y],topL,topR,bottomL,bottomR
weight,gravity [X:Y],topL,topR,bottomL,bottomR
weight,gravity [X:Y],topL,topR,bottomL,bottomR
weight,gravity [X:Y],topL,topR,bottomL,bottomR
weight,gravity [X:Y],topL,topR,bottomL,bottomR
weight,gravity [X:Y],topL,topR,bottomL,bottomR
weight,gravity [X:Y],topL,topR,bottomL,bottomR
weight,gravity [X:Y],topL,topR,bottomL,bottomR
weight,gravity [X:Y],topL,topR,bottomL,bottomR
weight,gravity [X:Y],topL,topR,bottomL,bottomR
weight,gravity [X:Y],topL,topR,bottomL,bottomR
weight,gravity [X:Y],topL,topR,bottomL,bottomR
weight,gravity [X:Y],topL,topR,bottomL,bottomR
weight,gravity [X:Y],topL,topR,bottomL,bottomR
weight,gravity [X:Y],topL,topR,bottomL,bottomR
weight,gravity [X:Y],topL,topR,bottomL,bottomR
weight,gravity [X:Y],topL,topR,bottomL,bottomR
weight,gravity [X:Y],topL,topR,bottomL,bottomR
weight,gravity [X:Y],topL,topR,bottomL,bottomR
weight,gravity [X:Y],topL,topR,bottomL,bottomR
weight,gravity [X:Y],topL,topR,bottomL,bottomR
weight,gravity [X:Y],topL,topR,bottomL,bottomR
weight,gravity [X:Y],topL,topR,bottomL,bottomR
weight,gravity [X:Y],topL,topR,bottomL,bottomR
weight,gravity [X:Y],topL,topR,bottomL,bottomR
weight,gravity [X:Y],topL,topR,bottomL,bottomR
weight,gravity [X:Y],topL,topR,bottomL,bottomR
weight,gravity [X:Y],topL,topR,bottomL,bottomR
weight,gravity [X:Y],topL,topR,bottomL,bottomR
weight,gravity [X:Y],topL,topR,bottomL,bottomR
weight,gravity [X:Y],topL,topR,bottomL,bottomR
weight,gravity [X:Y],topL,topR,bottomL,bottomR
weight,gravity [X:Y],topL,topR,bottomL,bottomR
weight,gravity [X:Y],topL,topR,bottomL,bottomR
weight,gravity [X:Y],topL,topR,bottomL,bottomR
weight,gravity [X:Y],topL,topR,bottomL,bottomR
weight,gravity [X:Y],topL,topR,bottomL,bottomR
weight,gravity [X:Y],topL,topR,bottomL,bottomR
weight,gravity [X:Y],topL,topR,bottomL,bottomR
weight,gravity [X:Y],topL,topR,bottomL,bottomR
weight,gravity [X:Y],topL,topR,bottomL,bottomR
weight,gravity [X:Y],topL,topR,bottomL,bottomR
weight,gravity [X:Y],topL,topR,bottomL,bottomR
weight,gravity [X:Y],topL,topR,bottomL,bottomR
weight,gravity [X:Y],topL,topR,bottomL,bottomR
weight,gravity [X:Y],topL,topR,bottomL,bottomR
weight,gravity [X:Y],topL,topR,bottomL,bottomR
weight,gravity [X:Y],topL,topR,bottomL,bottomR
weight,gravity [X:Y],topL,topR,bottomL,bottomR
weight,gravity [X:Y],topL,topR,bottomL,bottomR
weight,gravity [X:Y],topL,topR,bottomL,bottomR
weight,gravity [X:Y],topL,topR,bottomL,bottomR
weight,gravity [X:Y],topL,topR,bottomL,bottomR
weight,gravity [X:Y],topL,topR,bottomL,bottomR
weight,gravity [X:Y],topL,topR,bottomL,bottomR
weight,gravity [X:Y],topL,topR,bottomL,bottomR
weight,gravity [X:Y],topL,topR,bottomL,bottomR
weight,gravity [X:Y],topL,topR,bottomL,bottomR
weight,gravity [X:Y],topL,topR,bottomL,bottomR
weight,gravity [X:Y],topL,topR,bottomL,bottomR
weight,gravity [X:Y],topL,topR,bottomL,bottomR
weight,gravity [X:Y],topL,topR,bottomL,bottomR
weight,gravity [X:Y],topL,topR,bottomL,bottomR
weight,gravity [X:Y],topL,topR,bottomL,bottomR
weight,gravity [X:Y],topL,topR,bottomL,bottomR
weight,gravity [X:Y],topL,topR,bottomL,bottomR
weight,gravity [X:Y],topL,topR,bottomL,bottomR
weight,gravity [X:Y],topL,topR,bottomL,bottomR
weight,gravity [X:Y],topL,topR,bottomL,bottomR
weight,gravity [X:Y],topL,topR,bottomL,bottomR
weight,gravity [X:Y],topL,topR,bottomL,bottomR
weight,gravity [X:Y],topL,topR,bottomL,bottomR
weight,gravity [X:Y],topL,topR,bottomL,bottomR
weight,gravity [X:Y],topL,topR,bottomL,bottomR
weight,gravity [X:Y],topL,topR,bottomL,bottomR
weight,gravity [X:Y],topL,topR,bottomL,bottomR
weight,gravity [X:Y],topL,topR,bottomL,bottomR
weight,gravity [X:Y],topL,topR,bottomL,bottomR
weight,gravity [X:Y],topL,topR,bottomL,bottomR
weight,gravity [X:Y],topL,topR,bottomL,bottomR
weight,gravity [X:Y],topL,topR,bottomL,bottomR
weight,gravity [X:Y],topL,topR,bottomL,bottomR
weight,gravity [X:Y],topL,topR,bottomL,bottomR
weight,gravity [X:Y],topL,topR,bottomL,bottomR
weight,gravity [X:Y],topL,topR,bottomL,bottomR
weight,gravity [X:Y],topL,topR,bottomL,bottomR
weight,gravity [X:Y],topL,topR,bottomL,bottomR
weight,gravity [X:Y],topL,topR,bottomL,bottomR
weight,gravity [X:Y],topL,topR,bottomL,bottomR
weight,gravity [X:Y],topL,topR,bottomL,bottomR
weight,gravity [X:Y],topL,topR,bottomL,bottomR
weight,gravity [X:Y],topL,topR,bottomL,bottomR
weight,gravity [X:Y],topL,topR,bottomL,bottomR
weight,gravity [X:Y],topL,topR,bottomL,bottomR
weight,gravity [X:Y],topL,topR,bottomL,bottomR
weight,gravity [X:Y],topL,topR,bottomL,bottomR
weight,gravity [X:Y],topL,topR,bottomL,bottomR
weight,gravity [X:Y],topL,topR,bottomL,bottomR
weight,gravity [X:Y],topL,topR,bottomL,bottomR
weight,gravity [X:Y],topL,topR,bottomL,bottomR
weight,gravity [X:Y],topL,topR,bottomL,bottomR
weight,gravity [X:Y],topL,topR,bottomL,bottomR
weight,gravity [X:Y],topL,topR,bottomL,bottomR
weight,gravity [X:Y],topL,topR,bottomL,bottomR
weight,gravity [X:Y],topL,topR,bottomL,bottomR
weight,gravity [X:Y],topL,topR,bottomL,bottomR
weight,gravity [X:Y],topL,topR,bottomL,bottomR
weight,gravity [X:Y],topL,topR,bottomL,bottomR
weight,gravity [X:Y],topL,topR,bottomL,bottomR
weight,gravity [X:Y],topL,topR,bottomL,bottomR
weight,gravity [X:Y],topL,topR,bottomL,bottomR
weight,gravity [X:Y],topL,topR,bottomL,bottomR
weight,gravity [X:Y],topL,topR,bottomL,bottomR
weight,gravity [X:Y],topL,topR,bottomL,bottomR
weight,gravity [X:Y],topL,topR,bottomL,bottomR
weight,gravity [X:Y],topL,topR,bottomL,bottomR
weight,gravity [X:Y],topL,topR,bottomL,bottomR
weight,gravity [X:Y],topL,topR,bottomL,bottomR
weight,gravity [X:Y],topL,topR,bottomL,bottomR
weight,gravity [X:Y],topL,topR,bottomL,bottomR
weight,gravity [X:Y],topL,topR,bottomL,bottomR
weight,gravity [X:Y],topL,topR,bottomL,bottomR
weight,gravity [X:Y],topL,topR,bottomL,bottomR
weight,gravity [X:Y],topL,topR,bottomL,bottomR
weight,gravity [X:Y],topL,topR,bottomL,bottomR
weight,gravity [X:Y],topL,topR,bottomL,bottomR
weight,gravity [X:Y],topL,topR,bottomL,bottomR
weight,gravity [X:Y],topL,topR,bottomL,bottomR
weight,gravity [X:Y],topL,topR,bottomL,bottomR
weight,gravity [X:Y],topL,topR,bottomL,bottomR
weight,gravity [X:Y],topL,topR,bottomL,bottomR
weight,gravity [X:Y],topL,topR,bottomL,bottomR
weight,gravity [X:Y],topL,topR,bottomL,bottomR
weight,gravity [X:Y],topL,topR,bottomL,bottomR
weight,gravity [X:Y],topL,topR,bottomL,bottomR
weight,gravity [X:Y],topL,topR,bottomL,bottomR
weight,gravity [X:Y],topL,topR,bottomL,bottomR
weight,gravity [X:Y],topL,topR,bottomL,bottomR
weight,gravity [X:Y],topL,topR,bottomL,bottomR
weight,gravity [X:Y],topL,topR,bottomL,bottomR
weight,gravity [X:Y],topL,topR,bottomL,bottomR
weight,gravity [X:Y],topL,topR,bottomL,bottomR
weight,gravity [X:Y],topL,topR,bottomL,bottomR
weight,gravity [X:Y],topL,topR,bottomL,bottomR
weight,gravity [X:Y],topL,topR,bottomL,bottomR
weight,gravity [X:Y],topL,topR,bottomL,bottomR
weight,gravity [X:Y],topL,topR,bottomL,bottomR
weight,gravity [X:Y],topL,topR,bottomL,bottomR
weight,gravity [X:Y],topL,topR,bottomL,bottomR
weight,gravity [X:Y],topL,topR,bottomL,bottomR
weight,gravity [X:Y],topL,topR,bottomL,bottomR
weight,gravity [X:Y],topL,topR,bottomL,bottomR
weight,gravity [X:Y],topL,topR,bottomL,bottomR
